community,nodes,edges,density,avg_clustering,avg_degree
0,3727,7469,0.0010756976300230967,0.0009332238501570307,4.008049369466058
1,385,587,0.007941017316017316,0.0010893010713981187,3.0493506493506493
2,2,2,2.0,0.0,2.0
3,1600,2611,0.002041119449656035,0.0009907906427238846,3.26375
4,1,1,0.0,0.0,2.0
5,24,23,0.08333333333333333,0.0,1.9166666666666667
6,8,7,0.25,0.0,1.75
7,2,1,1.0,0.0,1.0
8,1,1,0.0,0.0,2.0
9,2,1,1.0,0.0,1.0
10,2376,4270,0.0015133794081162502,0.0006431280805228199,3.5942760942760943
11,2664,5363,0.0015119325108059619,0.0011179235423238129,4.026276276276277
12,24,25,0.09057971014492754,0.0,2.0833333333333335
13,2,2,2.0,0.0,2.0
14,2,1,1.0,0.0,1.0
15,1,1,0.0,0.0,2.0
16,7,7,0.3333333333333333,0.0,2.0
17,1,1,0.0,0.0,2.0
18,39,37,0.04993252361673414,0.0,1.8974358974358974
19,3,2,0.6666666666666666,0.0,1.3333333333333333
20,540,724,0.004974919260633546,0.0015638223046567368,2.6814814814814816
21,658,860,0.003978663261671131,0.0016705016164372728,2.613981762917933
22,1,1,0.0,0.0,2.0
23,2,1,1.0,0.0,1.0
24,1,1,0.0,0.0,2.0
25,711,1029,0.004076781363285196,0.00030395107771226897,2.8945147679324896
26,2,2,2.0,0.0,2.0
27,1,1,0.0,0.0,2.0
28,1,1,0.0,0.0,2.0
29,1,1,0.0,0.0,2.0
30,2,2,2.0,0.0,2.0
31,4,3,0.5,0.0,1.5
32,567,694,0.004325038482871227,0.0014094783886721765,2.4479717813051147
33,2,1,1.0,0.0,1.0
34,582,855,0.0050570470394094786,0.0027763293084593324,2.9381443298969074
35,2,1,1.0,0.0,1.0
36,1,1,0.0,0.0,2.0
37,1,1,0.0,0.0,2.0
38,1,1,0.0,0.0,2.0
39,1,1,0.0,0.0,2.0
40,2,1,1.0,0.0,1.0
41,1,1,0.0,0.0,2.0
42,1,1,0.0,0.0,2.0
43,1,1,0.0,0.0,2.0
44,1,1,0.0,0.0,2.0
45,2,1,1.0,0.0,1.0
46,7,7,0.3333333333333333,0.0,2.0
47,15,15,0.14285714285714285,0.0,2.0
48,1,1,0.0,0.0,2.0
49,2,2,2.0,0.0,2.0
50,1,1,0.0,0.0,2.0
51,3,3,1.0,0.0,2.0
52,2,2,2.0,0.0,2.0
53,1,1,0.0,0.0,2.0
54,15,15,0.14285714285714285,0.0,2.0
55,2,2,2.0,0.0,2.0
56,2,2,2.0,0.0,2.0
57,3,3,1.0,0.0,2.0
58,1,1,0.0,0.0,2.0
59,1,1,0.0,0.0,2.0
60,1,1,0.0,0.0,2.0
61,2,2,2.0,0.0,2.0
62,2,1,1.0,0.0,1.0
63,1,1,0.0,0.0,2.0
64,1,1,0.0,0.0,2.0
65,4,3,0.5,0.0,1.5
66,2,2,2.0,0.0,2.0
67,2080,2776,0.0012839012839012838,3.297084947038552e-05,2.669230769230769
68,1,1,0.0,0.0,2.0
69,3,3,1.0,0.0,2.0
70,1,1,0.0,0.0,2.0
71,1,1,0.0,0.0,2.0
72,4,4,0.6666666666666666,0.0,2.0
73,2,1,1.0,0.0,1.0
74,2,1,1.0,0.0,1.0
75,1,1,0.0,0.0,2.0
76,2,1,1.0,0.0,1.0
77,7,9,0.42857142857142855,0.0,2.5714285714285716
78,1,1,0.0,0.0,2.0
79,4,4,0.6666666666666666,0.0,2.0
80,2,2,2.0,0.0,2.0
81,3,2,0.6666666666666666,0.0,1.3333333333333333
82,2,2,2.0,0.0,2.0
83,2,1,1.0,0.0,1.0
84,4,3,0.5,0.0,1.5
85,1,1,0.0,0.0,2.0
86,1,1,0.0,0.0,2.0
87,1,1,0.0,0.0,2.0
88,1,1,0.0,0.0,2.0
89,5,5,0.5,0.0,2.0
90,1,1,0.0,0.0,2.0
91,1,1,0.0,0.0,2.0
92,1,1,0.0,0.0,2.0
93,1,1,0.0,0.0,2.0
94,2,2,2.0,0.0,2.0
95,2,2,2.0,0.0,2.0
96,1,1,0.0,0.0,2.0
97,1,1,0.0,0.0,2.0
98,1,1,0.0,0.0,2.0
99,1,1,0.0,0.0,2.0
100,1,1,0.0,0.0,2.0
101,2,3,3.0,0.0,3.0
102,3,3,1.0,0.0,2.0
103,1,1,0.0,0.0,2.0
104,2,1,1.0,0.0,1.0
105,1,1,0.0,0.0,2.0
106,1,1,0.0,0.0,2.0
107,2,1,1.0,0.0,1.0
108,1,1,0.0,0.0,2.0
109,1,1,0.0,0.0,2.0
110,2,1,1.0,0.0,1.0
111,3,3,1.0,0.0,2.0
112,2,2,2.0,0.0,2.0
113,2,1,1.0,0.0,1.0
114,1,1,0.0,0.0,2.0
115,3,2,0.6666666666666666,0.0,1.3333333333333333
116,2,2,2.0,0.0,2.0
117,1,1,0.0,0.0,2.0
118,1,1,0.0,0.0,2.0
119,2,2,2.0,0.0,2.0
120,1,1,0.0,0.0,2.0
121,1,1,0.0,0.0,2.0
122,2,1,1.0,0.0,1.0
123,2,2,2.0,0.0,2.0
124,2,1,1.0,0.0,1.0
125,3,3,1.0,0.0,2.0
126,1,1,0.0,0.0,2.0
127,1,1,0.0,0.0,2.0
128,2,1,1.0,0.0,1.0
129,2,1,1.0,0.0,1.0
130,1,1,0.0,0.0,2.0
131,2,1,1.0,0.0,1.0
132,1,1,0.0,0.0,2.0
133,2,1,1.0,0.0,1.0
134,2,2,2.0,0.0,2.0
135,12,13,0.19696969696969696,0.0,2.1666666666666665
136,2,2,2.0,0.0,2.0
137,1,1,0.0,0.0,2.0
138,1,1,0.0,0.0,2.0
139,1,1,0.0,0.0,2.0
140,3,2,0.6666666666666666,0.0,1.3333333333333333
141,1,1,0.0,0.0,2.0
142,2,2,2.0,0.0,2.0
143,2,2,2.0,0.0,2.0
144,2,1,1.0,0.0,1.0
145,37,37,0.05555555555555555,0.0,2.0
146,1,1,0.0,0.0,2.0
147,1,1,0.0,0.0,2.0
148,6,5,0.3333333333333333,0.0,1.6666666666666667
149,2,1,1.0,0.0,1.0
150,2,1,1.0,0.0,1.0
151,2,1,1.0,0.0,1.0
152,1,1,0.0,0.0,2.0
153,1,1,0.0,0.0,2.0
154,1,1,0.0,0.0,2.0
155,2,1,1.0,0.0,1.0
156,2,1,1.0,0.0,1.0
157,1,1,0.0,0.0,2.0
158,1,1,0.0,0.0,2.0
159,1,1,0.0,0.0,2.0
160,1,1,0.0,0.0,2.0
161,2,1,1.0,0.0,1.0
162,2,2,2.0,0.0,2.0
163,4,4,0.6666666666666666,0.0,2.0
164,23,26,0.10276679841897234,0.0,2.260869565217391
165,3,3,1.0,0.0,2.0
166,3,2,0.6666666666666666,0.0,1.3333333333333333
167,3,3,1.0,0.0,2.0
168,1,1,0.0,0.0,2.0
169,1,1,0.0,0.0,2.0
170,1,1,0.0,0.0,2.0
171,1,1,0.0,0.0,2.0
172,1,1,0.0,0.0,2.0
173,2,1,1.0,0.0,1.0
174,2,1,1.0,0.0,1.0
175,1,1,0.0,0.0,2.0
176,1,1,0.0,0.0,2.0
177,2,1,1.0,0.0,1.0
178,1,1,0.0,0.0,2.0
179,2,2,2.0,0.0,2.0
180,1,1,0.0,0.0,2.0
181,1,1,0.0,0.0,2.0
182,2,1,1.0,0.0,1.0
183,1,1,0.0,0.0,2.0
184,1,1,0.0,0.0,2.0
185,2,2,2.0,0.0,2.0
186,2,1,1.0,0.0,1.0
187,2,1,1.0,0.0,1.0
188,1,1,0.0,0.0,2.0
189,1,1,0.0,0.0,2.0
190,3,2,0.6666666666666666,0.0,1.3333333333333333
191,5,4,0.4,0.0,1.6
192,3,2,0.6666666666666666,0.0,1.3333333333333333
193,1,1,0.0,0.0,2.0
194,1,1,0.0,0.0,2.0
195,3,3,1.0,0.0,2.0
196,2,2,2.0,0.0,2.0
197,2,1,1.0,0.0,1.0
198,2,1,1.0,0.0,1.0
199,1,1,0.0,0.0,2.0
200,1,1,0.0,0.0,2.0
201,1,1,0.0,0.0,2.0
202,2,2,2.0,0.0,2.0
203,8,10,0.35714285714285715,0.0,2.5
204,2,2,2.0,0.0,2.0
205,3,3,1.0,0.0,2.0
206,1,1,0.0,0.0,2.0
207,4,5,0.8333333333333334,0.0,2.5
208,1,1,0.0,0.0,2.0
209,2,1,1.0,0.0,1.0
210,2,1,1.0,0.0,1.0
211,1,1,0.0,0.0,2.0
212,1,1,0.0,0.0,2.0
213,1,1,0.0,0.0,2.0
214,2,2,2.0,0.0,2.0
215,5,5,0.5,0.0,2.0
216,1,1,0.0,0.0,2.0
217,2,1,1.0,0.0,1.0
218,3,2,0.6666666666666666,0.0,1.3333333333333333
219,2,1,1.0,0.0,1.0
220,2,2,2.0,0.0,2.0
221,2,2,2.0,0.0,2.0
222,1,1,0.0,0.0,2.0
223,1,1,0.0,0.0,2.0
224,2,2,2.0,0.0,2.0
225,1,1,0.0,0.0,2.0
226,293,416,0.00972462480714386,0.0006783049098736335,2.839590443686007
227,1,1,0.0,0.0,2.0
228,2,1,1.0,0.0,1.0
229,1,1,0.0,0.0,2.0
230,2,2,2.0,0.0,2.0
231,1,1,0.0,0.0,2.0
232,2,2,2.0,0.0,2.0
233,2,1,1.0,0.0,1.0
234,3,2,0.6666666666666666,0.0,1.3333333333333333
235,2,1,1.0,0.0,1.0
236,3,4,1.3333333333333333,0.0,2.6666666666666665
237,1,1,0.0,0.0,2.0
238,1,1,0.0,0.0,2.0
239,1,1,0.0,0.0,2.0
240,1,1,0.0,0.0,2.0
241,1,1,0.0,0.0,2.0
242,1,1,0.0,0.0,2.0
243,2,2,2.0,0.0,2.0
244,1,1,0.0,0.0,2.0
245,1,1,0.0,0.0,2.0
246,1,1,0.0,0.0,2.0
247,1,1,0.0,0.0,2.0
248,2,2,2.0,0.0,2.0
249,2,2,2.0,0.0,2.0
250,1,1,0.0,0.0,2.0
251,3,3,1.0,0.0,2.0
252,1,1,0.0,0.0,2.0
253,1,1,0.0,0.0,2.0
254,1,1,0.0,0.0,2.0
255,4,4,0.6666666666666666,0.0,2.0
256,1,1,0.0,0.0,2.0
257,1,1,0.0,0.0,2.0
258,1,1,0.0,0.0,2.0
259,1,1,0.0,0.0,2.0
260,3,2,0.6666666666666666,0.0,1.3333333333333333
261,1,1,0.0,0.0,2.0
262,5,5,0.5,0.0,2.0
263,1,1,0.0,0.0,2.0
264,1,1,0.0,0.0,2.0
265,1,1,0.0,0.0,2.0
266,2,2,2.0,0.0,2.0
267,86,96,0.026265389876880985,0.01106307559795932,2.2325581395348837
268,1,1,0.0,0.0,2.0
269,2,2,2.0,0.0,2.0
270,1,1,0.0,0.0,2.0
271,1,1,0.0,0.0,2.0
272,1,1,0.0,0.0,2.0
273,1,1,0.0,0.0,2.0
274,1,1,0.0,0.0,2.0
275,1,1,0.0,0.0,2.0
276,1,1,0.0,0.0,2.0
277,3,3,1.0,0.0,2.0
278,8,10,0.35714285714285715,0.0,2.5
279,3,2,0.6666666666666666,0.0,1.3333333333333333
280,1,1,0.0,0.0,2.0
281,2,1,1.0,0.0,1.0
282,1,1,0.0,0.0,2.0
283,2,1,1.0,0.0,1.0
284,3,3,1.0,0.0,2.0
285,1,1,0.0,0.0,2.0
286,2,2,2.0,0.0,2.0
287,5,4,0.4,0.0,1.6
288,2,2,2.0,0.0,2.0
289,12,11,0.16666666666666666,0.0,1.8333333333333333
290,1,1,0.0,0.0,2.0
291,1,1,0.0,0.0,2.0
292,1,1,0.0,0.0,2.0
293,1,1,0.0,0.0,2.0
294,1,1,0.0,0.0,2.0
295,2,2,2.0,0.0,2.0
296,2,1,1.0,0.0,1.0
297,2,1,1.0,0.0,1.0
298,3,3,1.0,0.0,2.0
299,1,1,0.0,0.0,2.0
300,1,1,0.0,0.0,2.0
301,1,1,0.0,0.0,2.0
302,1,1,0.0,0.0,2.0
303,1,1,0.0,0.0,2.0
304,1,1,0.0,0.0,2.0
305,2,1,1.0,0.0,1.0
306,2,1,1.0,0.0,1.0
307,2,1,1.0,0.0,1.0
308,2,1,1.0,0.0,1.0
309,43,43,0.047619047619047616,0.0,2.0
310,1,1,0.0,0.0,2.0
311,1,1,0.0,0.0,2.0
312,2,1,1.0,0.0,1.0
313,2,1,1.0,0.0,1.0
314,3,3,1.0,0.0,2.0
315,240,256,0.00892608089260809,0.0003912328820417055,2.1333333333333333
316,5,5,0.5,0.0,2.0
317,1,1,0.0,0.0,2.0
318,1,1,0.0,0.0,2.0
319,3,2,0.6666666666666666,0.0,1.3333333333333333
320,1,1,0.0,0.0,2.0
321,1,1,0.0,0.0,2.0
322,1,1,0.0,0.0,2.0
323,1,1,0.0,0.0,2.0
324,2,1,1.0,0.0,1.0
325,1,1,0.0,0.0,2.0
326,3,3,1.0,0.0,2.0
327,2,1,1.0,0.0,1.0
328,3,2,0.6666666666666666,0.0,1.3333333333333333
329,2,1,1.0,0.0,1.0
330,2,2,2.0,0.0,2.0
331,2,2,2.0,0.0,2.0
332,3,2,0.6666666666666666,0.0,1.3333333333333333
333,1,1,0.0,0.0,2.0
334,4,5,0.8333333333333334,0.0,2.5
335,1,1,0.0,0.0,2.0
336,2,1,1.0,0.0,1.0
337,1,1,0.0,0.0,2.0
338,1,1,0.0,0.0,2.0
339,2,2,2.0,0.0,2.0
340,2,1,1.0,0.0,1.0
341,1,1,0.0,0.0,2.0
342,1,1,0.0,0.0,2.0
343,2,1,1.0,0.0,1.0
344,1,1,0.0,0.0,2.0
345,1,1,0.0,0.0,2.0
346,1,1,0.0,0.0,2.0
347,1,1,0.0,0.0,2.0
348,2,1,1.0,0.0,1.0
349,1,1,0.0,0.0,2.0
350,1,1,0.0,0.0,2.0
351,1,1,0.0,0.0,2.0
352,2,2,2.0,0.0,2.0
353,2,1,1.0,0.0,1.0
354,1,1,0.0,0.0,2.0
355,2,2,2.0,0.0,2.0
356,3,3,1.0,0.0,2.0
357,1,1,0.0,0.0,2.0
358,1,1,0.0,0.0,2.0
359,1,1,0.0,0.0,2.0
360,1,1,0.0,0.0,2.0
361,10,9,0.2,0.0,1.8
362,1,1,0.0,0.0,2.0
363,1,1,0.0,0.0,2.0
364,1,1,0.0,0.0,2.0
365,1,1,0.0,0.0,2.0
366,2,1,1.0,0.0,1.0
367,2,1,1.0,0.0,1.0
368,1,1,0.0,0.0,2.0
369,2,1,1.0,0.0,1.0
370,2,2,2.0,0.0,2.0
371,1,1,0.0,0.0,2.0
372,2,2,2.0,0.0,2.0
373,2,1,1.0,0.0,1.0
374,1,1,0.0,0.0,2.0
375,1,1,0.0,0.0,2.0
376,3,3,1.0,0.0,2.0
377,1,1,0.0,0.0,2.0
378,1,1,0.0,0.0,2.0
379,1,1,0.0,0.0,2.0
380,1,1,0.0,0.0,2.0
381,1,1,0.0,0.0,2.0
382,1,1,0.0,0.0,2.0
383,1,1,0.0,0.0,2.0
384,2,1,1.0,0.0,1.0
385,1,1,0.0,0.0,2.0
386,1,1,0.0,0.0,2.0
387,1,1,0.0,0.0,2.0
388,18,18,0.11764705882352941,0.0,2.0
389,1,1,0.0,0.0,2.0
390,1,1,0.0,0.0,2.0
391,1,1,0.0,0.0,2.0
392,2,1,1.0,0.0,1.0
393,1,1,0.0,0.0,2.0
394,1,1,0.0,0.0,2.0
395,2,2,2.0,0.0,2.0
396,1,1,0.0,0.0,2.0
397,2,1,1.0,0.0,1.0
398,1,1,0.0,0.0,2.0
399,1,1,0.0,0.0,2.0
400,1,1,0.0,0.0,2.0
401,1,1,0.0,0.0,2.0
402,2,1,1.0,0.0,1.0
403,2,1,1.0,0.0,1.0
404,1,1,0.0,0.0,2.0
405,2,1,1.0,0.0,1.0
406,1,1,0.0,0.0,2.0
407,189,207,0.01165146909827761,0.0,2.1904761904761907
408,2,1,1.0,0.0,1.0
409,1,1,0.0,0.0,2.0
410,3,3,1.0,0.0,2.0
411,1,1,0.0,0.0,2.0
412,3,3,1.0,0.0,2.0
413,2,1,1.0,0.0,1.0
414,1,1,0.0,0.0,2.0
415,1,1,0.0,0.0,2.0
416,2,2,2.0,0.0,2.0
417,1,1,0.0,0.0,2.0
418,1,1,0.0,0.0,2.0
419,2,2,2.0,0.0,2.0
420,2,1,1.0,0.0,1.0
421,2,2,2.0,0.0,2.0
422,2,2,2.0,0.0,2.0
423,1,1,0.0,0.0,2.0
424,1,1,0.0,0.0,2.0
425,1,1,0.0,0.0,2.0
426,1,1,0.0,0.0,2.0
427,1,1,0.0,0.0,2.0
428,15,15,0.14285714285714285,0.0,2.0
429,14,14,0.15384615384615385,0.0,2.0
430,1,1,0.0,0.0,2.0
431,1,1,0.0,0.0,2.0
432,2,2,2.0,0.0,2.0
433,1,1,0.0,0.0,2.0
434,1,1,0.0,0.0,2.0
435,1,1,0.0,0.0,2.0
436,1,1,0.0,0.0,2.0
437,1,1,0.0,0.0,2.0
438,1,1,0.0,0.0,2.0
439,1,1,0.0,0.0,2.0
440,2,2,2.0,0.0,2.0
441,3,3,1.0,0.0,2.0
442,1,1,0.0,0.0,2.0
443,1,1,0.0,0.0,2.0
444,1,1,0.0,0.0,2.0
445,1,1,0.0,0.0,2.0
446,2,1,1.0,0.0,1.0
447,2,1,1.0,0.0,1.0
448,1,1,0.0,0.0,2.0
449,1,1,0.0,0.0,2.0
450,1,1,0.0,0.0,2.0
451,2,2,2.0,0.0,2.0
452,2,2,2.0,0.0,2.0
453,1,1,0.0,0.0,2.0
454,1,1,0.0,0.0,2.0
455,2,2,2.0,0.0,2.0
456,1,1,0.0,0.0,2.0
457,2,1,1.0,0.0,1.0
458,2,1,1.0,0.0,1.0
459,2,2,2.0,0.0,2.0
460,4,4,0.6666666666666666,0.0,2.0
461,3,2,0.6666666666666666,0.0,1.3333333333333333
462,6,6,0.4,0.0,2.0
463,2,1,1.0,0.0,1.0
464,2,2,2.0,0.0,2.0
465,1,1,0.0,0.0,2.0
466,10,12,0.26666666666666666,0.0,2.4
467,1,1,0.0,0.0,2.0
468,1,1,0.0,0.0,2.0
469,1,1,0.0,0.0,2.0
470,1,1,0.0,0.0,2.0
471,1,1,0.0,0.0,2.0
472,1,1,0.0,0.0,2.0
473,1,1,0.0,0.0,2.0
474,8,8,0.2857142857142857,0.0,2.0
475,1,1,0.0,0.0,2.0
476,2,2,2.0,0.0,2.0
477,1,1,0.0,0.0,2.0
478,1,1,0.0,0.0,2.0
479,1,1,0.0,0.0,2.0
480,1,1,0.0,0.0,2.0
481,3,2,0.6666666666666666,0.0,1.3333333333333333
482,1,1,0.0,0.0,2.0
483,1,1,0.0,0.0,2.0
484,2,1,1.0,0.0,1.0
485,1,1,0.0,0.0,2.0
486,1,1,0.0,0.0,2.0
487,1,1,0.0,0.0,2.0
488,9,9,0.25,0.0,2.0
489,1,1,0.0,0.0,2.0
490,1,1,0.0,0.0,2.0
491,1,1,0.0,0.0,2.0
492,1,1,0.0,0.0,2.0
493,1,1,0.0,0.0,2.0
494,1,1,0.0,0.0,2.0
495,1,1,0.0,0.0,2.0
496,909,1255,0.003041053003978812,0.002060880122604077,2.7612761276127613
497,1262,2552,0.0032072751859704334,0.0002153940180060026,4.044374009508716
498,2,1,1.0,0.0,1.0
499,1,1,0.0,0.0,2.0
500,1,1,0.0,0.0,2.0
501,3,2,0.6666666666666666,0.0,1.3333333333333333
502,1,1,0.0,0.0,2.0
503,1,1,0.0,0.0,2.0
504,1,1,0.0,0.0,2.0
505,1,1,0.0,0.0,2.0
506,2,2,2.0,0.0,2.0
507,1,1,0.0,0.0,2.0
508,1,1,0.0,0.0,2.0
509,1,1,0.0,0.0,2.0
510,1,1,0.0,0.0,2.0
511,6,6,0.4,0.0,2.0
512,1,1,0.0,0.0,2.0
513,1,1,0.0,0.0,2.0
514,5,5,0.5,0.0,2.0
515,1,1,0.0,0.0,2.0
516,1,1,0.0,0.0,2.0
517,1,1,0.0,0.0,2.0
518,1,1,0.0,0.0,2.0
519,1,1,0.0,0.0,2.0
520,1,1,0.0,0.0,2.0
521,1,1,0.0,0.0,2.0
522,1,1,0.0,0.0,2.0
523,1,1,0.0,0.0,2.0
524,2,1,1.0,0.0,1.0
525,1,1,0.0,0.0,2.0
526,1,1,0.0,0.0,2.0
527,1,1,0.0,0.0,2.0
528,1,1,0.0,0.0,2.0
529,2,2,2.0,0.0,2.0
530,4,3,0.5,0.0,1.5
531,1,1,0.0,0.0,2.0
532,2,1,1.0,0.0,1.0
533,1,1,0.0,0.0,2.0
534,1,1,0.0,0.0,2.0
535,2,2,2.0,0.0,2.0
536,1,1,0.0,0.0,2.0
537,1,1,0.0,0.0,2.0
538,2,1,1.0,0.0,1.0
539,1,1,0.0,0.0,2.0
540,1,1,0.0,0.0,2.0
541,1,1,0.0,0.0,2.0
542,1,1,0.0,0.0,2.0
543,2,1,1.0,0.0,1.0
544,3,2,0.6666666666666666,0.0,1.3333333333333333
545,2,2,2.0,0.0,2.0
546,1,1,0.0,0.0,2.0
547,1,1,0.0,0.0,2.0
548,1,1,0.0,0.0,2.0
549,1,1,0.0,0.0,2.0
550,1,1,0.0,0.0,2.0
551,2,1,1.0,0.0,1.0
552,2,2,2.0,0.0,2.0
553,41,41,0.05,0.0,2.0
554,1,1,0.0,0.0,2.0
555,50,50,0.04081632653061224,0.0,2.0
556,1,1,0.0,0.0,2.0
557,2,1,1.0,0.0,1.0
558,1,1,0.0,0.0,2.0
559,2,2,2.0,0.0,2.0
560,1,1,0.0,0.0,2.0
561,2,2,2.0,0.0,2.0
562,2,1,1.0,0.0,1.0
563,1,1,0.0,0.0,2.0
564,1,1,0.0,0.0,2.0
565,2,2,2.0,0.0,2.0
566,1,1,0.0,0.0,2.0
567,4,4,0.6666666666666666,0.0,2.0
568,2,1,1.0,0.0,1.0
569,1,1,0.0,0.0,2.0
570,2,1,1.0,0.0,1.0
571,32,36,0.07258064516129033,0.0,2.25
572,2,1,1.0,0.0,1.0
573,1,1,0.0,0.0,2.0
574,319,347,0.006841347765225449,0.0016101367825505758,2.175548589341693
575,1,1,0.0,0.0,2.0
576,1,1,0.0,0.0,2.0
577,1,1,0.0,0.0,2.0
578,2,1,1.0,0.0,1.0
579,1,1,0.0,0.0,2.0
580,1,1,0.0,0.0,2.0
581,1,1,0.0,0.0,2.0
582,3,3,1.0,0.0,2.0
583,2,1,1.0,0.0,1.0
584,1,1,0.0,0.0,2.0
585,1,1,0.0,0.0,2.0
586,1,1,0.0,0.0,2.0
587,1,1,0.0,0.0,2.0
588,1,1,0.0,0.0,2.0
589,1,1,0.0,0.0,2.0
590,3,2,0.6666666666666666,0.0,1.3333333333333333
591,3,3,1.0,0.0,2.0
592,2,1,1.0,0.0,1.0
593,2,2,2.0,0.0,2.0
594,2,1,1.0,0.0,1.0
595,1,1,0.0,0.0,2.0
596,1,1,0.0,0.0,2.0
597,3,2,0.6666666666666666,0.0,1.3333333333333333
598,1,1,0.0,0.0,2.0
599,1,1,0.0,0.0,2.0
600,1,1,0.0,0.0,2.0
601,1,1,0.0,0.0,2.0
602,1,1,0.0,0.0,2.0
603,1,1,0.0,0.0,2.0
604,2,1,1.0,0.0,1.0
605,1,1,0.0,0.0,2.0
606,2,2,2.0,0.0,2.0
607,1,1,0.0,0.0,2.0
608,2,2,2.0,0.0,2.0
609,2,2,2.0,0.0,2.0
610,3,3,1.0,0.0,2.0
611,1,1,0.0,0.0,2.0
612,2,1,1.0,0.0,1.0
613,1,1,0.0,0.0,2.0
614,1,1,0.0,0.0,2.0
615,1,1,0.0,0.0,2.0
616,1,1,0.0,0.0,2.0
617,1,1,0.0,0.0,2.0
618,1,1,0.0,0.0,2.0
619,1,1,0.0,0.0,2.0
620,1,1,0.0,0.0,2.0
621,1,1,0.0,0.0,2.0
622,2,1,1.0,0.0,1.0
623,1,1,0.0,0.0,2.0
624,1,1,0.0,0.0,2.0
625,1,1,0.0,0.0,2.0
626,3,2,0.6666666666666666,0.0,1.3333333333333333
627,2,1,1.0,0.0,1.0
628,2,1,1.0,0.0,1.0
629,2,1,1.0,0.0,1.0
630,1,1,0.0,0.0,2.0
631,4,3,0.5,0.0,1.5
632,1,1,0.0,0.0,2.0
633,2,2,2.0,0.0,2.0
634,3,2,0.6666666666666666,0.0,1.3333333333333333
635,4,3,0.5,0.0,1.5
636,3,2,0.6666666666666666,0.0,1.3333333333333333
637,2,2,2.0,0.0,2.0
638,2,1,1.0,0.0,1.0
639,2,1,1.0,0.0,1.0
640,1,1,0.0,0.0,2.0
641,2,1,1.0,0.0,1.0
642,2,1,1.0,0.0,1.0
643,1,1,0.0,0.0,2.0
644,3,2,0.6666666666666666,0.0,1.3333333333333333
645,1,1,0.0,0.0,2.0
646,2,1,1.0,0.0,1.0
647,20,20,0.10526315789473684,0.0,2.0
648,4,4,0.6666666666666666,0.0,2.0
649,2,1,1.0,0.0,1.0
650,2,1,1.0,0.0,1.0
651,2,2,2.0,0.0,2.0
652,2,2,2.0,0.0,2.0
653,2,1,1.0,0.0,1.0
654,5,5,0.5,0.0,2.0
655,2,1,1.0,0.0,1.0
656,2,1,1.0,0.0,1.0
657,10,10,0.2222222222222222,0.0,2.0
658,2,2,2.0,0.0,2.0
659,2,1,1.0,0.0,1.0
660,2,2,2.0,0.0,2.0
661,2,1,1.0,0.0,1.0
662,2,2,2.0,0.0,2.0
663,1,1,0.0,0.0,2.0
664,2,1,1.0,0.0,1.0
665,5,5,0.5,0.0,2.0
666,1,1,0.0,0.0,2.0
667,2,2,2.0,0.0,2.0
668,2,1,1.0,0.0,1.0
669,2,2,2.0,0.0,2.0
670,2,2,2.0,0.0,2.0
671,5,4,0.4,0.0,1.6
672,2,2,2.0,0.0,2.0
673,2,1,1.0,0.0,1.0
674,5,4,0.4,0.0,1.6
675,2,1,1.0,0.0,1.0
676,2,1,1.0,0.0,1.0
677,1,1,0.0,0.0,2.0
678,1,1,0.0,0.0,2.0
679,1,1,0.0,0.0,2.0
680,3,4,1.3333333333333333,0.0,2.6666666666666665
681,4,4,0.6666666666666666,0.0,2.0
682,1,1,0.0,0.0,2.0
683,1,1,0.0,0.0,2.0
684,3,3,1.0,0.0,2.0
685,4,3,0.5,0.0,1.5
686,3,2,0.6666666666666666,0.0,1.3333333333333333
687,2,2,2.0,0.0,2.0
688,3,2,0.6666666666666666,0.0,1.3333333333333333
689,8,7,0.25,0.0,1.75
690,4,4,0.6666666666666666,0.0,2.0
691,2,1,1.0,0.0,1.0
692,2,1,1.0,0.0,1.0
693,2,2,2.0,0.0,2.0
694,3,3,1.0,0.0,2.0
695,2,2,2.0,0.0,2.0
696,2,1,1.0,0.0,1.0
697,2,1,1.0,0.0,1.0
698,1,1,0.0,0.0,2.0
699,2,1,1.0,0.0,1.0
700,2,1,1.0,0.0,1.0
701,3,2,0.6666666666666666,0.0,1.3333333333333333
702,1,1,0.0,0.0,2.0
703,1,1,0.0,0.0,2.0
704,2,1,1.0,0.0,1.0
705,1,1,0.0,0.0,2.0
706,2,1,1.0,0.0,1.0
707,1,1,0.0,0.0,2.0
708,2,2,2.0,0.0,2.0
709,1,1,0.0,0.0,2.0
710,2,1,1.0,0.0,1.0
711,1,1,0.0,0.0,2.0
712,2,1,1.0,0.0,1.0
713,2,2,2.0,0.0,2.0
714,2,1,1.0,0.0,1.0
715,2,1,1.0,0.0,1.0
716,3,3,1.0,0.0,2.0
717,2,2,2.0,0.0,2.0
718,2,1,1.0,0.0,1.0
719,4,4,0.6666666666666666,0.0,2.0
720,2,1,1.0,0.0,1.0
721,1,1,0.0,0.0,2.0
722,2,1,1.0,0.0,1.0
723,2,1,1.0,0.0,1.0
724,2,1,1.0,0.0,1.0
725,4,3,0.5,0.0,1.5
726,1,1,0.0,0.0,2.0
727,2,1,1.0,0.0,1.0
728,1,1,0.0,0.0,2.0
729,1,1,0.0,0.0,2.0
730,2,2,2.0,0.0,2.0
731,2,2,2.0,0.0,2.0
732,6,6,0.4,0.0,2.0
733,1,1,0.0,0.0,2.0
734,6,5,0.3333333333333333,0.0,1.6666666666666667
735,2,1,1.0,0.0,1.0
736,2,1,1.0,0.0,1.0
737,1,1,0.0,0.0,2.0
738,2,2,2.0,0.0,2.0
739,2,2,2.0,0.0,2.0
740,2,1,1.0,0.0,1.0
741,4,4,0.6666666666666666,0.0,2.0
742,2,2,2.0,0.0,2.0
743,2,1,1.0,0.0,1.0
744,1,1,0.0,0.0,2.0
745,2,1,1.0,0.0,1.0
746,2,1,1.0,0.0,1.0
747,4,3,0.5,0.0,1.5
748,3,3,1.0,0.0,2.0
749,1,1,0.0,0.0,2.0
750,2,1,1.0,0.0,1.0
751,1,1,0.0,0.0,2.0
752,3,2,0.6666666666666666,0.0,1.3333333333333333
753,1,1,0.0,0.0,2.0
754,4,4,0.6666666666666666,0.0,2.0
755,2,1,1.0,0.0,1.0
756,1,1,0.0,0.0,2.0
757,1,1,0.0,0.0,2.0
758,1,1,0.0,0.0,2.0
759,4,3,0.5,0.0,1.5
760,1,1,0.0,0.0,2.0
761,6,8,0.5333333333333333,0.0,2.6666666666666665
762,1,1,0.0,0.0,2.0
763,2,2,2.0,0.0,2.0
764,1,1,0.0,0.0,2.0
765,2,2,2.0,0.0,2.0
766,11,11,0.2,0.0,2.0
767,2,1,1.0,0.0,1.0
768,1,1,0.0,0.0,2.0
769,5,5,0.5,0.0,2.0
770,2,1,1.0,0.0,1.0
771,2,1,1.0,0.0,1.0
772,1,1,0.0,0.0,2.0
773,1,1,0.0,0.0,2.0
774,3,2,0.6666666666666666,0.0,1.3333333333333333
775,1,1,0.0,0.0,2.0
776,2,1,1.0,0.0,1.0
777,1,1,0.0,0.0,2.0
778,2,1,1.0,0.0,1.0
779,2,2,2.0,0.0,2.0
780,1,1,0.0,0.0,2.0
781,2,2,2.0,0.0,2.0
782,2,2,2.0,0.0,2.0
783,2,2,2.0,0.0,2.0
784,2,1,1.0,0.0,1.0
785,1,1,0.0,0.0,2.0
786,1,1,0.0,0.0,2.0
787,6,5,0.3333333333333333,0.0,1.6666666666666667
788,2,2,2.0,0.0,2.0
789,2,1,1.0,0.0,1.0
790,2,1,1.0,0.0,1.0
791,1,1,0.0,0.0,2.0
792,1,1,0.0,0.0,2.0
793,2,2,2.0,0.0,2.0
794,2,2,2.0,0.0,2.0
795,1,1,0.0,0.0,2.0
796,1,1,0.0,0.0,2.0
797,1,1,0.0,0.0,2.0
798,1,1,0.0,0.0,2.0
799,1,1,0.0,0.0,2.0
800,2,2,2.0,0.0,2.0
801,1,1,0.0,0.0,2.0
802,2,1,1.0,0.0,1.0
803,1,1,0.0,0.0,2.0
804,1,1,0.0,0.0,2.0
805,1,1,0.0,0.0,2.0
806,2,1,1.0,0.0,1.0
807,2,1,1.0,0.0,1.0
808,1,1,0.0,0.0,2.0
809,5,4,0.4,0.0,1.6
810,1,1,0.0,0.0,2.0
811,2,2,2.0,0.0,2.0
812,8,7,0.25,0.0,1.75
813,1,1,0.0,0.0,2.0
814,1,1,0.0,0.0,2.0
815,1,1,0.0,0.0,2.0
816,1,1,0.0,0.0,2.0
817,2,1,1.0,0.0,1.0
818,1,1,0.0,0.0,2.0
819,2,1,1.0,0.0,1.0
820,2,2,2.0,0.0,2.0
821,2,1,1.0,0.0,1.0
822,2,2,2.0,0.0,2.0
823,2,1,1.0,0.0,1.0
824,2,1,1.0,0.0,1.0
825,1,1,0.0,0.0,2.0
826,2,2,2.0,0.0,2.0
827,2,1,1.0,0.0,1.0
828,3,2,0.6666666666666666,0.0,1.3333333333333333
829,4,3,0.5,0.0,1.5
830,2,2,2.0,0.0,2.0
831,1,1,0.0,0.0,2.0
832,2,1,1.0,0.0,1.0
833,2,1,1.0,0.0,1.0
834,1,1,0.0,0.0,2.0
835,2,1,1.0,0.0,1.0
836,2,1,1.0,0.0,1.0
837,1,1,0.0,0.0,2.0
838,2,2,2.0,0.0,2.0
839,1,1,0.0,0.0,2.0
840,1,1,0.0,0.0,2.0
841,1,1,0.0,0.0,2.0
842,1,1,0.0,0.0,2.0
843,1,1,0.0,0.0,2.0
844,4,4,0.6666666666666666,0.0,2.0
845,2,1,1.0,0.0,1.0
846,1,1,0.0,0.0,2.0
847,2,1,1.0,0.0,1.0
848,2,2,2.0,0.0,2.0
849,2,1,1.0,0.0,1.0
850,2,2,2.0,0.0,2.0
851,3,2,0.6666666666666666,0.0,1.3333333333333333
852,3,3,1.0,0.0,2.0
853,2,1,1.0,0.0,1.0
854,13,13,0.16666666666666666,0.0,2.0
855,3,2,0.6666666666666666,0.0,1.3333333333333333
856,3,3,1.0,0.0,2.0
857,1,1,0.0,0.0,2.0
858,2,2,2.0,0.0,2.0
859,1,1,0.0,0.0,2.0
860,1,1,0.0,0.0,2.0
861,1,1,0.0,0.0,2.0
862,3,2,0.6666666666666666,0.0,1.3333333333333333
863,1,1,0.0,0.0,2.0
864,3,3,1.0,0.0,2.0
865,4,4,0.6666666666666666,0.0,2.0
866,2,1,1.0,0.0,1.0
867,1,1,0.0,0.0,2.0
868,1,1,0.0,0.0,2.0
869,3,3,1.0,0.0,2.0
870,3,2,0.6666666666666666,0.0,1.3333333333333333
871,1,1,0.0,0.0,2.0
872,1,1,0.0,0.0,2.0
873,3,3,1.0,0.0,2.0
874,7,7,0.3333333333333333,0.0,2.0
875,1,1,0.0,0.0,2.0
876,1,1,0.0,0.0,2.0
877,2,1,1.0,0.0,1.0
878,2,1,1.0,0.0,1.0
879,1,1,0.0,0.0,2.0
880,1,1,0.0,0.0,2.0
881,1,1,0.0,0.0,2.0
882,1,1,0.0,0.0,2.0
883,2,1,1.0,0.0,1.0
884,1,1,0.0,0.0,2.0
885,2,1,1.0,0.0,1.0
886,1,1,0.0,0.0,2.0
887,1,1,0.0,0.0,2.0
888,1,1,0.0,0.0,2.0
889,15,15,0.14285714285714285,0.0,2.0
890,2,1,1.0,0.0,1.0
891,1,1,0.0,0.0,2.0
892,1,1,0.0,0.0,2.0
893,1,1,0.0,0.0,2.0
894,1,1,0.0,0.0,2.0
895,1,1,0.0,0.0,2.0
896,1,1,0.0,0.0,2.0
897,3,3,1.0,0.0,2.0
898,1,1,0.0,0.0,2.0
899,1,1,0.0,0.0,2.0
900,1,1,0.0,0.0,2.0
901,1,1,0.0,0.0,2.0
902,1,1,0.0,0.0,2.0
903,1,1,0.0,0.0,2.0
904,2,1,1.0,0.0,1.0
905,1,1,0.0,0.0,2.0
906,1,1,0.0,0.0,2.0
907,1,1,0.0,0.0,2.0
908,1,1,0.0,0.0,2.0
909,2,1,1.0,0.0,1.0
910,2,1,1.0,0.0,1.0
911,1,1,0.0,0.0,2.0
912,1,1,0.0,0.0,2.0
913,2,1,1.0,0.0,1.0
914,1,1,0.0,0.0,2.0
915,1,1,0.0,0.0,2.0
916,2,1,1.0,0.0,1.0
917,2,2,2.0,0.0,2.0
918,2,1,1.0,0.0,1.0
919,4,3,0.5,0.0,1.5
920,1,1,0.0,0.0,2.0
921,1,1,0.0,0.0,2.0
922,1,1,0.0,0.0,2.0
923,2,2,2.0,0.0,2.0
924,3,2,0.6666666666666666,0.0,1.3333333333333333
925,5,4,0.4,0.0,1.6
926,2,2,2.0,0.0,2.0
927,2,1,1.0,0.0,1.0
928,1,1,0.0,0.0,2.0
929,1,1,0.0,0.0,2.0
930,1,1,0.0,0.0,2.0
931,1,1,0.0,0.0,2.0
932,2,2,2.0,0.0,2.0
933,1,1,0.0,0.0,2.0
934,1,1,0.0,0.0,2.0
935,1,1,0.0,0.0,2.0
936,1,1,0.0,0.0,2.0
937,2,1,1.0,0.0,1.0
938,1,1,0.0,0.0,2.0
939,1,1,0.0,0.0,2.0
940,2,2,2.0,0.0,2.0
941,1,1,0.0,0.0,2.0
942,1,1,0.0,0.0,2.0
943,1,1,0.0,0.0,2.0
944,1,1,0.0,0.0,2.0
945,1,1,0.0,0.0,2.0
946,4,4,0.6666666666666666,0.0,2.0
947,2,1,1.0,0.0,1.0
948,2,1,1.0,0.0,1.0
949,1,1,0.0,0.0,2.0
950,1,1,0.0,0.0,2.0
951,1,1,0.0,0.0,2.0
952,16,16,0.13333333333333333,0.07386363636363637,2.0
953,3,2,0.6666666666666666,0.0,1.3333333333333333
954,2,2,2.0,0.0,2.0
955,3,2,0.6666666666666666,0.0,1.3333333333333333
956,2,2,2.0,0.0,2.0
957,3,2,0.6666666666666666,0.0,1.3333333333333333
958,3,2,0.6666666666666666,0.0,1.3333333333333333
959,2,2,2.0,0.0,2.0
960,1,1,0.0,0.0,2.0
961,2,1,1.0,0.0,1.0
962,2,1,1.0,0.0,1.0
963,2,2,2.0,0.0,2.0
964,27,26,0.07407407407407407,0.0,1.9259259259259258
965,2,2,2.0,0.0,2.0
966,2,1,1.0,0.0,1.0
967,3,2,0.6666666666666666,0.0,1.3333333333333333
968,4,3,0.5,0.0,1.5
969,2,1,1.0,0.0,1.0
970,1,1,0.0,0.0,2.0
971,2,2,2.0,0.0,2.0
972,2,2,2.0,0.0,2.0
973,1,1,0.0,0.0,2.0
974,2,1,1.0,0.0,1.0
975,2,1,1.0,0.0,1.0
976,6,6,0.4,0.0,2.0
977,5,4,0.4,0.0,1.6
978,4,4,0.6666666666666666,0.0,2.0
979,2,1,1.0,0.0,1.0
980,1,1,0.0,0.0,2.0
981,1,1,0.0,0.0,2.0
982,2,2,2.0,0.0,2.0
983,1,1,0.0,0.0,2.0
984,2,2,2.0,0.0,2.0
985,1,1,0.0,0.0,2.0
986,1,1,0.0,0.0,2.0
987,2,1,1.0,0.0,1.0
988,2,1,1.0,0.0,1.0
989,2,1,1.0,0.0,1.0
990,1,1,0.0,0.0,2.0
991,1,1,0.0,0.0,2.0
992,2,1,1.0,0.0,1.0
993,3,2,0.6666666666666666,0.0,1.3333333333333333
994,1,1,0.0,0.0,2.0
995,1,1,0.0,0.0,2.0
996,5,4,0.4,0.0,1.6
997,3,3,1.0,0.0,2.0
998,1,1,0.0,0.0,2.0
999,3,3,1.0,1.0,2.0
1000,3,2,0.6666666666666666,0.0,1.3333333333333333
1001,2,1,1.0,0.0,1.0
1002,1,1,0.0,0.0,2.0
1003,1,1,0.0,0.0,2.0
1004,2,2,2.0,0.0,2.0
1005,2,1,1.0,0.0,1.0
1006,2,2,2.0,0.0,2.0
1007,2,1,1.0,0.0,1.0
1008,2,2,2.0,0.0,2.0
1009,2,2,2.0,0.0,2.0
1010,2,1,1.0,0.0,1.0
1011,2,2,2.0,0.0,2.0
1012,1,1,0.0,0.0,2.0
1013,2,1,1.0,0.0,1.0
1014,1,1,0.0,0.0,2.0
1015,1,1,0.0,0.0,2.0
1016,1,1,0.0,0.0,2.0
1017,2,1,1.0,0.0,1.0
1018,2,2,2.0,0.0,2.0
1019,1,1,0.0,0.0,2.0
1020,1,1,0.0,0.0,2.0
1021,2,1,1.0,0.0,1.0
1022,1,1,0.0,0.0,2.0
1023,2,2,2.0,0.0,2.0
1024,3,2,0.6666666666666666,0.0,1.3333333333333333
1025,1,1,0.0,0.0,2.0
1026,1,1,0.0,0.0,2.0
1027,4,3,0.5,0.0,1.5
1028,2,1,1.0,0.0,1.0
1029,6,5,0.3333333333333333,0.0,1.6666666666666667
1030,3,2,0.6666666666666666,0.0,1.3333333333333333
1031,12,13,0.19696969696969696,0.0,2.1666666666666665
1032,1,1,0.0,0.0,2.0
1033,4,3,0.5,0.0,1.5
1034,3,3,1.0,0.0,2.0
1035,1,1,0.0,0.0,2.0
1036,6,5,0.3333333333333333,0.0,1.6666666666666667
1037,1,1,0.0,0.0,2.0
1038,6,6,0.4,0.0,2.0
1039,2,2,2.0,0.0,2.0
1040,1,1,0.0,0.0,2.0
1041,2,1,1.0,0.0,1.0
1042,3,2,0.6666666666666666,0.0,1.3333333333333333
1043,2,2,2.0,0.0,2.0
1044,2,2,2.0,0.0,2.0
1045,2,1,1.0,0.0,1.0
1046,1,1,0.0,0.0,2.0
1047,2,1,1.0,0.0,1.0
1048,1,1,0.0,0.0,2.0
1049,1,1,0.0,0.0,2.0
1050,2,2,2.0,0.0,2.0
1051,4,4,0.6666666666666666,0.0,2.0
1052,4,3,0.5,0.0,1.5
1053,1,1,0.0,0.0,2.0
1054,2,2,2.0,0.0,2.0
1055,4,4,0.6666666666666666,0.0,2.0
1056,2,2,2.0,0.0,2.0
1057,1,1,0.0,0.0,2.0
1058,1,1,0.0,0.0,2.0
1059,1,1,0.0,0.0,2.0
1060,3,3,1.0,0.0,2.0
1061,2,2,2.0,0.0,2.0
1062,1,1,0.0,0.0,2.0
1063,2,2,2.0,0.0,2.0
1064,2,1,1.0,0.0,1.0
1065,1,1,0.0,0.0,2.0
1066,4,3,0.5,0.0,1.5
1067,1,1,0.0,0.0,2.0
1068,1,1,0.0,0.0,2.0
1069,1,1,0.0,0.0,2.0
1070,1,1,0.0,0.0,2.0
1071,1,1,0.0,0.0,2.0
1072,2,1,1.0,0.0,1.0
1073,2,2,2.0,0.0,2.0
1074,1,1,0.0,0.0,2.0
1075,2,1,1.0,0.0,1.0
1076,1,1,0.0,0.0,2.0
1077,3,3,1.0,0.0,2.0
1078,1,1,0.0,0.0,2.0
1079,2,2,2.0,0.0,2.0
1080,1,1,0.0,0.0,2.0
1081,2,1,1.0,0.0,1.0
1082,1,1,0.0,0.0,2.0
1083,1,1,0.0,0.0,2.0
1084,2,2,2.0,0.0,2.0
1085,2,2,2.0,0.0,2.0
1086,1,1,0.0,0.0,2.0
1087,1,1,0.0,0.0,2.0
1088,3,2,0.6666666666666666,0.0,1.3333333333333333
1089,1,1,0.0,0.0,2.0
1090,9,8,0.2222222222222222,0.0,1.7777777777777777
1091,2,1,1.0,0.0,1.0
1092,2,2,2.0,0.0,2.0
1093,1,1,0.0,0.0,2.0
1094,2,2,2.0,0.0,2.0
1095,1,1,0.0,0.0,2.0
1096,3,2,0.6666666666666666,0.0,1.3333333333333333
1097,4,4,0.6666666666666666,0.0,2.0
1098,1,1,0.0,0.0,2.0
1099,1,1,0.0,0.0,2.0
1100,2,2,2.0,0.0,2.0
1101,3,2,0.6666666666666666,0.0,1.3333333333333333
1102,2,2,2.0,0.0,2.0
1103,5,4,0.4,0.0,1.6
1104,1,1,0.0,0.0,2.0
1105,2,2,2.0,0.0,2.0
1106,1,1,0.0,0.0,2.0
1107,2,2,2.0,0.0,2.0
1108,2,2,2.0,0.0,2.0
1109,1,1,0.0,0.0,2.0
1110,2,2,2.0,0.0,2.0
1111,1,1,0.0,0.0,2.0
1112,2,2,2.0,0.0,2.0
1113,37,37,0.05555555555555555,0.0,2.0
1114,1,1,0.0,0.0,2.0
1115,44,45,0.04756871035940803,0.00909594281687305,2.0454545454545454
1116,1,1,0.0,0.0,2.0
1117,1,1,0.0,0.0,2.0
1118,13,13,0.16666666666666666,0.0,2.0
1119,2,1,1.0,0.0,1.0
1120,3,2,0.6666666666666666,0.0,1.3333333333333333
1121,1,1,0.0,0.0,2.0
1122,2,2,2.0,0.0,2.0
1123,1,1,0.0,0.0,2.0
1124,1,1,0.0,0.0,2.0
1125,2,1,1.0,0.0,1.0
1126,2,1,1.0,0.0,1.0
1127,1,1,0.0,0.0,2.0
1128,1,1,0.0,0.0,2.0
1129,1,1,0.0,0.0,2.0
1130,1,1,0.0,0.0,2.0
1131,2,1,1.0,0.0,1.0
1132,1,1,0.0,0.0,2.0
1133,1,1,0.0,0.0,2.0
1134,4,3,0.5,0.0,1.5
1135,5,4,0.4,0.0,1.6
1136,1,1,0.0,0.0,2.0
1137,1,1,0.0,0.0,2.0
1138,2,2,2.0,0.0,2.0
1139,2,1,1.0,0.0,1.0
1140,3,2,0.6666666666666666,0.0,1.3333333333333333
1141,6,5,0.3333333333333333,0.0,1.6666666666666667
1142,3,3,1.0,0.0,2.0
1143,2,1,1.0,0.0,1.0
1144,2,1,1.0,0.0,1.0
1145,3,2,0.6666666666666666,0.0,1.3333333333333333
1146,2,1,1.0,0.0,1.0
1147,2,1,1.0,0.0,1.0
1148,1,1,0.0,0.0,2.0
1149,2,2,2.0,0.0,2.0
1150,2,2,2.0,0.0,2.0
1151,2,2,2.0,0.0,2.0
1152,1,1,0.0,0.0,2.0
1153,1,1,0.0,0.0,2.0
1154,2,1,1.0,0.0,1.0
1155,2,1,1.0,0.0,1.0
1156,25,26,0.08666666666666667,0.0,2.08
1157,1,1,0.0,0.0,2.0
1158,1,1,0.0,0.0,2.0
1159,1,1,0.0,0.0,2.0
1160,1,1,0.0,0.0,2.0
1161,2,1,1.0,0.0,1.0
1162,2,2,2.0,0.0,2.0
1163,2,2,2.0,0.0,2.0
1164,1,1,0.0,0.0,2.0
1165,1,1,0.0,0.0,2.0
1166,1,1,0.0,0.0,2.0
1167,2,1,1.0,0.0,1.0
1168,1,1,0.0,0.0,2.0
1169,1,1,0.0,0.0,2.0
1170,1,1,0.0,0.0,2.0
1171,2,1,1.0,0.0,1.0
1172,1,1,0.0,0.0,2.0
1173,3,2,0.6666666666666666,0.0,1.3333333333333333
1174,3,2,0.6666666666666666,0.0,1.3333333333333333
1175,3,3,1.0,0.0,2.0
1176,1,1,0.0,0.0,2.0
1177,2,1,1.0,0.0,1.0
1178,1,1,0.0,0.0,2.0
1179,2,1,1.0,0.0,1.0
1180,1,1,0.0,0.0,2.0
1181,1,1,0.0,0.0,2.0
1182,1,1,0.0,0.0,2.0
1183,3,2,0.6666666666666666,0.0,1.3333333333333333
1184,2,2,2.0,0.0,2.0
1185,1,1,0.0,0.0,2.0
1186,2,1,1.0,0.0,1.0
1187,1,1,0.0,0.0,2.0
1188,2,1,1.0,0.0,1.0
1189,1,1,0.0,0.0,2.0
1190,1,1,0.0,0.0,2.0
1191,1,1,0.0,0.0,2.0
1192,1,1,0.0,0.0,2.0
1193,1,1,0.0,0.0,2.0
1194,1,1,0.0,0.0,2.0
1195,2,1,1.0,0.0,1.0
1196,2,1,1.0,0.0,1.0
1197,1,1,0.0,0.0,2.0
1198,1,1,0.0,0.0,2.0
1199,1,1,0.0,0.0,2.0
1200,1,1,0.0,0.0,2.0
1201,1,1,0.0,0.0,2.0
1202,1,1,0.0,0.0,2.0
1203,1,1,0.0,0.0,2.0
1204,1,1,0.0,0.0,2.0
1205,2,2,2.0,0.0,2.0
1206,1,1,0.0,0.0,2.0
1207,6,6,0.4,0.0,2.0
1208,1,1,0.0,0.0,2.0
1209,1,1,0.0,0.0,2.0
1210,1,1,0.0,0.0,2.0
1211,1,1,0.0,0.0,2.0
1212,3,3,1.0,0.0,2.0
1213,1,1,0.0,0.0,2.0
1214,2,1,1.0,0.0,1.0
1215,2,1,1.0,0.0,1.0
1216,286,304,0.007459207459207459,0.0,2.125874125874126
1217,2,2,2.0,0.0,2.0
1218,2,1,1.0,0.0,1.0
1219,3,2,0.6666666666666666,0.0,1.3333333333333333
1220,3,2,0.6666666666666666,0.0,1.3333333333333333
1221,2,2,2.0,0.0,2.0
1222,1,1,0.0,0.0,2.0
1223,2,1,1.0,0.0,1.0
1224,139,173,0.018037743718069023,0.0030673263265360343,2.4892086330935252
1225,2,2,2.0,0.0,2.0
1226,1,1,0.0,0.0,2.0
1227,2,1,1.0,0.0,1.0
1228,1,1,0.0,0.0,2.0
1229,1,1,0.0,0.0,2.0
1230,2,1,1.0,0.0,1.0
1231,3,2,0.6666666666666666,0.0,1.3333333333333333
1232,2,1,1.0,0.0,1.0
1233,3,2,0.6666666666666666,0.0,1.3333333333333333
1234,3,2,0.6666666666666666,0.0,1.3333333333333333
1235,1,1,0.0,0.0,2.0
1236,2,1,1.0,0.0,1.0
1237,1,1,0.0,0.0,2.0
1238,2,1,1.0,0.0,1.0
1239,3,2,0.6666666666666666,0.0,1.3333333333333333
1240,1,1,0.0,0.0,2.0
1241,1,1,0.0,0.0,2.0
1242,1,1,0.0,0.0,2.0
1243,2,2,2.0,0.0,2.0
1244,2,2,2.0,0.0,2.0
1245,2,1,1.0,0.0,1.0
1246,2,2,2.0,0.0,2.0
1247,2,1,1.0,0.0,1.0
1248,3,2,0.6666666666666666,0.0,1.3333333333333333
1249,1,1,0.0,0.0,2.0
1250,1,1,0.0,0.0,2.0
1251,2,1,1.0,0.0,1.0
1252,1,1,0.0,0.0,2.0
1253,1,1,0.0,0.0,2.0
1254,1,1,0.0,0.0,2.0
1255,1,1,0.0,0.0,2.0
1256,1,1,0.0,0.0,2.0
1257,2,1,1.0,0.0,1.0
1258,1,1,0.0,0.0,2.0
1259,12,11,0.16666666666666666,0.0,1.8333333333333333
1260,1,1,0.0,0.0,2.0
1261,2,1,1.0,0.0,1.0
1262,1,1,0.0,0.0,2.0
1263,3,3,1.0,0.0,2.0
1264,4,3,0.5,0.0,1.5
1265,2,1,1.0,0.0,1.0
1266,1,1,0.0,0.0,2.0
1267,1,1,0.0,0.0,2.0
1268,2,1,1.0,0.0,1.0
1269,1,1,0.0,0.0,2.0
1270,3,2,0.6666666666666666,0.0,1.3333333333333333
1271,1,1,0.0,0.0,2.0
1272,2,1,1.0,0.0,1.0
1273,3,3,1.0,0.0,2.0
1274,1,1,0.0,0.0,2.0
1275,4,4,0.6666666666666666,0.0,2.0
1276,1,1,0.0,0.0,2.0
1277,2,2,2.0,0.0,2.0
1278,5,4,0.4,0.0,1.6
1279,9,8,0.2222222222222222,0.0,1.7777777777777777
1280,1,1,0.0,0.0,2.0
1281,1,1,0.0,0.0,2.0
1282,1,1,0.0,0.0,2.0
1283,1,1,0.0,0.0,2.0
1284,1,1,0.0,0.0,2.0
1285,1,1,0.0,0.0,2.0
1286,2,2,2.0,0.0,2.0
1287,2,1,1.0,0.0,1.0
1288,1,1,0.0,0.0,2.0
1289,1,1,0.0,0.0,2.0
1290,2,1,1.0,0.0,1.0
1291,4,4,0.6666666666666666,0.0,2.0
1292,1,1,0.0,0.0,2.0
1293,3,3,1.0,0.0,2.0
1294,6,5,0.3333333333333333,0.0,1.6666666666666667
1295,1,1,0.0,0.0,2.0
1296,1,1,0.0,0.0,2.0
1297,1,1,0.0,0.0,2.0
1298,2,2,2.0,0.0,2.0
1299,1,1,0.0,0.0,2.0
1300,3,2,0.6666666666666666,0.0,1.3333333333333333
1301,2,1,1.0,0.0,1.0
1302,1,1,0.0,0.0,2.0
1303,2,1,1.0,0.0,1.0
1304,1,1,0.0,0.0,2.0
1305,2,2,2.0,0.0,2.0
1306,1,1,0.0,0.0,2.0
1307,2,1,1.0,0.0,1.0
1308,3,3,1.0,0.0,2.0
1309,2,2,2.0,0.0,2.0
1310,2,1,1.0,0.0,1.0
1311,2,1,1.0,0.0,1.0
1312,2,1,1.0,0.0,1.0
1313,2,1,1.0,0.0,1.0
1314,2,1,1.0,0.0,1.0
1315,5,4,0.4,0.0,1.6
1316,1,1,0.0,0.0,2.0
1317,2,1,1.0,0.0,1.0
1318,1,1,0.0,0.0,2.0
1319,1,1,0.0,0.0,2.0
1320,1,1,0.0,0.0,2.0
1321,1,1,0.0,0.0,2.0
1322,1,1,0.0,0.0,2.0
1323,2,1,1.0,0.0,1.0
1324,4,4,0.6666666666666666,0.0,2.0
1325,5,5,0.5,0.0,2.0
1326,3,2,0.6666666666666666,0.0,1.3333333333333333
1327,1,1,0.0,0.0,2.0
1328,1,1,0.0,0.0,2.0
1329,2,2,2.0,0.0,2.0
1330,2,1,1.0,0.0,1.0
1331,3,2,0.6666666666666666,0.0,1.3333333333333333
1332,2,1,1.0,0.0,1.0
1333,1,1,0.0,0.0,2.0
1334,1,1,0.0,0.0,2.0
1335,1,1,0.0,0.0,2.0
1336,2,1,1.0,0.0,1.0
1337,2,1,1.0,0.0,1.0
1338,2,1,1.0,0.0,1.0
1339,1,1,0.0,0.0,2.0
1340,2,2,2.0,0.0,2.0
1341,2,2,2.0,0.0,2.0
1342,2,1,1.0,0.0,1.0
1343,10,9,0.2,0.0,1.8
1344,2,1,1.0,0.0,1.0
1345,2,1,1.0,0.0,1.0
1346,1,1,0.0,0.0,2.0
1347,1,1,0.0,0.0,2.0
1348,1,1,0.0,0.0,2.0
1349,1,1,0.0,0.0,2.0
1350,2,1,1.0,0.0,1.0
1351,1,1,0.0,0.0,2.0
1352,3,3,1.0,0.0,2.0
1353,1,1,0.0,0.0,2.0
1354,1,1,0.0,0.0,2.0
1355,4,3,0.5,0.0,1.5
1356,1,1,0.0,0.0,2.0
1357,2,2,2.0,0.0,2.0
1358,1,1,0.0,0.0,2.0
1359,1,1,0.0,0.0,2.0
1360,1,1,0.0,0.0,2.0
1361,6,7,0.4666666666666667,0.0,2.3333333333333335
1362,2,1,1.0,0.0,1.0
1363,2,1,1.0,0.0,1.0
1364,2,2,2.0,0.0,2.0
1365,1,1,0.0,0.0,2.0
1366,1,1,0.0,0.0,2.0
1367,1,1,0.0,0.0,2.0
1368,1,1,0.0,0.0,2.0
1369,3,2,0.6666666666666666,0.0,1.3333333333333333
1370,1,1,0.0,0.0,2.0
1371,1,1,0.0,0.0,2.0
1372,1,1,0.0,0.0,2.0
1373,1,1,0.0,0.0,2.0
1374,3,2,0.6666666666666666,0.0,1.3333333333333333
1375,2,1,1.0,0.0,1.0
1376,2,1,1.0,0.0,1.0
1377,2,1,1.0,0.0,1.0
1378,3,2,0.6666666666666666,0.0,1.3333333333333333
1379,2,1,1.0,0.0,1.0
1380,1,1,0.0,0.0,2.0
1381,1,1,0.0,0.0,2.0
1382,2,2,2.0,0.0,2.0
1383,78,84,0.027972027972027972,0.0,2.1538461538461537
1384,2,1,1.0,0.0,1.0
1385,1,1,0.0,0.0,2.0
1386,1,1,0.0,0.0,2.0
1387,1,1,0.0,0.0,2.0
1388,2,1,1.0,0.0,1.0
1389,1,1,0.0,0.0,2.0
1390,1,1,0.0,0.0,2.0
1391,1,1,0.0,0.0,2.0
1392,2,2,2.0,0.0,2.0
1393,1,1,0.0,0.0,2.0
1394,2,1,1.0,0.0,1.0
1395,2,1,1.0,0.0,1.0
1396,3,3,1.0,0.0,2.0
1397,1,1,0.0,0.0,2.0
1398,1,1,0.0,0.0,2.0
1399,3,2,0.6666666666666666,0.0,1.3333333333333333
1400,1,1,0.0,0.0,2.0
1401,2,1,1.0,0.0,1.0
1402,8,10,0.35714285714285715,0.0,2.5
1403,4,3,0.5,0.0,1.5
1404,2,1,1.0,0.0,1.0
1405,3,2,0.6666666666666666,0.0,1.3333333333333333
1406,1,1,0.0,0.0,2.0
1407,3,3,1.0,0.0,2.0
1408,3,2,0.6666666666666666,0.0,1.3333333333333333
1409,2,2,2.0,0.0,2.0
1410,2,1,1.0,0.0,1.0
1411,2,2,2.0,0.0,2.0
1412,3,2,0.6666666666666666,0.0,1.3333333333333333
1413,2,2,2.0,0.0,2.0
1414,3,2,0.6666666666666666,0.0,1.3333333333333333
1415,2,1,1.0,0.0,1.0
1416,2,1,1.0,0.0,1.0
1417,1,1,0.0,0.0,2.0
1418,1,1,0.0,0.0,2.0
1419,2,2,2.0,0.0,2.0
1420,1,1,0.0,0.0,2.0
1421,3,2,0.6666666666666666,0.0,1.3333333333333333
1422,2,1,1.0,0.0,1.0
1423,1,1,0.0,0.0,2.0
1424,1,1,0.0,0.0,2.0
1425,1,1,0.0,0.0,2.0
1426,1,1,0.0,0.0,2.0
1427,1,1,0.0,0.0,2.0
1428,2,1,1.0,0.0,1.0
1429,2,1,1.0,0.0,1.0
1430,1,1,0.0,0.0,2.0
1431,2,1,1.0,0.0,1.0
1432,2,1,1.0,0.0,1.0
1433,1,1,0.0,0.0,2.0
1434,1,1,0.0,0.0,2.0
1435,1,1,0.0,0.0,2.0
1436,1,1,0.0,0.0,2.0
1437,2,2,2.0,0.0,2.0
1438,1,1,0.0,0.0,2.0
1439,2,2,2.0,0.0,2.0
1440,3,2,0.6666666666666666,0.0,1.3333333333333333
1441,2,1,1.0,0.0,1.0
1442,1,1,0.0,0.0,2.0
1443,2,1,1.0,0.0,1.0
1444,1,1,0.0,0.0,2.0
1445,3,2,0.6666666666666666,0.0,1.3333333333333333
1446,1,1,0.0,0.0,2.0
1447,2,2,2.0,0.0,2.0
1448,1,1,0.0,0.0,2.0
1449,1,1,0.0,0.0,2.0
1450,4,4,0.6666666666666666,0.0,2.0
1451,2,2,2.0,0.0,2.0
1452,1,1,0.0,0.0,2.0
1453,1,1,0.0,0.0,2.0
1454,1,1,0.0,0.0,2.0
1455,1,1,0.0,0.0,2.0
1456,1,1,0.0,0.0,2.0
1457,2,2,2.0,0.0,2.0
1458,10,11,0.24444444444444444,0.12333333333333334,2.2
1459,3,2,0.6666666666666666,0.0,1.3333333333333333
1460,1,1,0.0,0.0,2.0
1461,3,2,0.6666666666666666,0.0,1.3333333333333333
1462,1,1,0.0,0.0,2.0
1463,1,1,0.0,0.0,2.0
1464,2,1,1.0,0.0,1.0
1465,1,1,0.0,0.0,2.0
1466,1,1,0.0,0.0,2.0
1467,3,2,0.6666666666666666,0.0,1.3333333333333333
1468,2,2,2.0,0.0,2.0
1469,2,1,1.0,0.0,1.0
1470,1,1,0.0,0.0,2.0
1471,2,1,1.0,0.0,1.0
1472,2,1,1.0,0.0,1.0
1473,1,1,0.0,0.0,2.0
1474,1,1,0.0,0.0,2.0
1475,1,1,0.0,0.0,2.0
1476,2,1,1.0,0.0,1.0
1477,1,1,0.0,0.0,2.0
1478,2,1,1.0,0.0,1.0
1479,7,6,0.2857142857142857,0.0,1.7142857142857142
1480,3,3,1.0,0.0,2.0
1481,1,1,0.0,0.0,2.0
1482,1,1,0.0,0.0,2.0
1483,3,2,0.6666666666666666,0.0,1.3333333333333333
1484,3,3,1.0,0.0,2.0
1485,2,1,1.0,0.0,1.0
1486,2,1,1.0,0.0,1.0
1487,1,1,0.0,0.0,2.0
1488,2,1,1.0,0.0,1.0
1489,1,1,0.0,0.0,2.0
1490,3,2,0.6666666666666666,0.0,1.3333333333333333
1491,19,18,0.10526315789473684,0.0,1.894736842105263
1492,1,1,0.0,0.0,2.0
1493,1,1,0.0,0.0,2.0
1494,1,1,0.0,0.0,2.0
1495,2,1,1.0,0.0,1.0
1496,1,1,0.0,0.0,2.0
1497,1,1,0.0,0.0,2.0
1498,1,1,0.0,0.0,2.0
1499,3,2,0.6666666666666666,0.0,1.3333333333333333
1500,1,1,0.0,0.0,2.0
1501,2,1,1.0,0.0,1.0
1502,1,1,0.0,0.0,2.0
1503,1,1,0.0,0.0,2.0
1504,2,1,1.0,0.0,1.0
1505,7,6,0.2857142857142857,0.0,1.7142857142857142
1506,1,1,0.0,0.0,2.0
1507,1,1,0.0,0.0,2.0
1508,5,5,0.5,0.0,2.0
1509,1,1,0.0,0.0,2.0
1510,2,2,2.0,0.0,2.0
1511,1,1,0.0,0.0,2.0
1512,2,2,2.0,0.0,2.0
1513,2,2,2.0,0.0,2.0
1514,1,1,0.0,0.0,2.0
1515,1,1,0.0,0.0,2.0
1516,1,1,0.0,0.0,2.0
1517,2,1,1.0,0.0,1.0
1518,1,1,0.0,0.0,2.0
1519,2,1,1.0,0.0,1.0
1520,2,1,1.0,0.0,1.0
1521,1,1,0.0,0.0,2.0
1522,1,1,0.0,0.0,2.0
1523,4,3,0.5,0.0,1.5
1524,2,1,1.0,0.0,1.0
1525,2,1,1.0,0.0,1.0
1526,1,1,0.0,0.0,2.0
1527,2,1,1.0,0.0,1.0
1528,1,1,0.0,0.0,2.0
1529,2,1,1.0,0.0,1.0
1530,2,1,1.0,0.0,1.0
1531,2,1,1.0,0.0,1.0
1532,2,1,1.0,0.0,1.0
1533,2,2,2.0,0.0,2.0
1534,2,2,2.0,0.0,2.0
1535,4,3,0.5,0.0,1.5
1536,2,2,2.0,0.0,2.0
1537,1,1,0.0,0.0,2.0
1538,1,1,0.0,0.0,2.0
1539,2,2,2.0,0.0,2.0
1540,2,1,1.0,0.0,1.0
1541,1,1,0.0,0.0,2.0
1542,2,2,2.0,0.0,2.0
1543,26,27,0.08307692307692308,0.0,2.076923076923077
1544,48,49,0.04343971631205674,0.0,2.0416666666666665
1545,2,1,1.0,0.0,1.0
1546,2,2,2.0,0.0,2.0
1547,3,2,0.6666666666666666,0.0,1.3333333333333333
1548,1,1,0.0,0.0,2.0
1549,2,1,1.0,0.0,1.0
1550,1,1,0.0,0.0,2.0
1551,2,2,2.0,0.0,2.0
1552,3,2,0.6666666666666666,0.0,1.3333333333333333
1553,1,1,0.0,0.0,2.0
1554,2,1,1.0,0.0,1.0
1555,1,1,0.0,0.0,2.0
1556,2,2,2.0,0.0,2.0
1557,1,1,0.0,0.0,2.0
1558,1,1,0.0,0.0,2.0
1559,2,2,2.0,0.0,2.0
1560,3,2,0.6666666666666666,0.0,1.3333333333333333
1561,1,1,0.0,0.0,2.0
1562,51,54,0.042352941176470586,0.0,2.1176470588235294
1563,2,1,1.0,0.0,1.0
1564,2,1,1.0,0.0,1.0
1565,1,1,0.0,0.0,2.0
1566,2,2,2.0,0.0,2.0
1567,1,1,0.0,0.0,2.0
1568,1,1,0.0,0.0,2.0
1569,1,1,0.0,0.0,2.0
1570,1,1,0.0,0.0,2.0
1571,5,5,0.5,0.0,2.0
1572,1,1,0.0,0.0,2.0
1573,1,1,0.0,0.0,2.0
1574,1,1,0.0,0.0,2.0
1575,1,1,0.0,0.0,2.0
1576,1,1,0.0,0.0,2.0
1577,1,1,0.0,0.0,2.0
1578,1,1,0.0,0.0,2.0
1579,1,1,0.0,0.0,2.0
1580,3,3,1.0,0.0,2.0
1581,1,1,0.0,0.0,2.0
1582,1,1,0.0,0.0,2.0
1583,1,1,0.0,0.0,2.0
1584,2,2,2.0,0.0,2.0
1585,2,1,1.0,0.0,1.0
1586,1,1,0.0,0.0,2.0
1587,1,1,0.0,0.0,2.0
1588,1,1,0.0,0.0,2.0
1589,3,2,0.6666666666666666,0.0,1.3333333333333333
1590,1,1,0.0,0.0,2.0
1591,1,1,0.0,0.0,2.0
1592,2,2,2.0,0.0,2.0
1593,1,1,0.0,0.0,2.0
1594,2,1,1.0,0.0,1.0
1595,1,1,0.0,0.0,2.0
1596,1,1,0.0,0.0,2.0
1597,1,1,0.0,0.0,2.0
1598,1,1,0.0,0.0,2.0
1599,1,1,0.0,0.0,2.0
1600,1,1,0.0,0.0,2.0
1601,2,1,1.0,0.0,1.0
1602,2,2,2.0,0.0,2.0
1603,1,1,0.0,0.0,2.0
1604,1,1,0.0,0.0,2.0
1605,1,1,0.0,0.0,2.0
1606,2,1,1.0,0.0,1.0
1607,1,1,0.0,0.0,2.0
1608,2,2,2.0,0.0,2.0
1609,1,1,0.0,0.0,2.0
1610,1,1,0.0,0.0,2.0
1611,1,1,0.0,0.0,2.0
1612,1,1,0.0,0.0,2.0
1613,1,1,0.0,0.0,2.0
1614,1,1,0.0,0.0,2.0
1615,1,1,0.0,0.0,2.0
1616,1,1,0.0,0.0,2.0
1617,1,1,0.0,0.0,2.0
1618,1,1,0.0,0.0,2.0
1619,4,3,0.5,0.0,1.5
1620,3,3,1.0,0.0,2.0
1621,1,1,0.0,0.0,2.0
1622,2,1,1.0,0.0,1.0
1623,1,1,0.0,0.0,2.0
1624,1,1,0.0,0.0,2.0
1625,1,1,0.0,0.0,2.0
1626,1,1,0.0,0.0,2.0
1627,2,1,1.0,0.0,1.0
1628,2,1,1.0,0.0,1.0
1629,2,2,2.0,0.0,2.0
1630,1,1,0.0,0.0,2.0
1631,1,1,0.0,0.0,2.0
1632,1,1,0.0,0.0,2.0
1633,1,1,0.0,0.0,2.0
1634,1,1,0.0,0.0,2.0
1635,1,1,0.0,0.0,2.0
1636,1,1,0.0,0.0,2.0
1637,2,1,1.0,0.0,1.0
1638,1,1,0.0,0.0,2.0
1639,2,1,1.0,0.0,1.0
1640,1,1,0.0,0.0,2.0
1641,1,1,0.0,0.0,2.0
1642,1,1,0.0,0.0,2.0
1643,1,1,0.0,0.0,2.0
1644,3,2,0.6666666666666666,0.0,1.3333333333333333
1645,1,1,0.0,0.0,2.0
1646,1,1,0.0,0.0,2.0
1647,1,1,0.0,0.0,2.0
1648,1,1,0.0,0.0,2.0
1649,1,1,0.0,0.0,2.0
1650,2,1,1.0,0.0,1.0
1651,1,1,0.0,0.0,2.0
1652,2,1,1.0,0.0,1.0
1653,1,1,0.0,0.0,2.0
1654,1,1,0.0,0.0,2.0
1655,1,1,0.0,0.0,2.0
1656,2,2,2.0,0.0,2.0
1657,1,1,0.0,0.0,2.0
1658,2,1,1.0,0.0,1.0
1659,2,2,2.0,0.0,2.0
1660,1,1,0.0,0.0,2.0
1661,1,1,0.0,0.0,2.0
1662,1,1,0.0,0.0,2.0
1663,2,1,1.0,0.0,1.0
1664,2,2,2.0,0.0,2.0
1665,1,1,0.0,0.0,2.0
1666,1,1,0.0,0.0,2.0
1667,1,1,0.0,0.0,2.0
1668,1,1,0.0,0.0,2.0
1669,1,1,0.0,0.0,2.0
1670,2,2,2.0,0.0,2.0
1671,2,1,1.0,0.0,1.0
1672,1,1,0.0,0.0,2.0
1673,1,1,0.0,0.0,2.0
1674,1,1,0.0,0.0,2.0
1675,1,1,0.0,0.0,2.0
1676,21,21,0.1,0.0,2.0
1677,1,1,0.0,0.0,2.0
1678,4,3,0.5,0.0,1.5
1679,3,2,0.6666666666666666,0.0,1.3333333333333333
1680,2,2,2.0,0.0,2.0
1681,2,1,1.0,0.0,1.0
1682,4,3,0.5,0.0,1.5
1683,2,2,2.0,0.0,2.0
